coverage;ecli;id;issued;procedure;spatial;subject;summary;title;type
NL;ECLI:NL:RBAMS:2023:5381;dx3s5aa5-mjgs-5xib-1k4t-q1ui3dh959gd;14/06/2023;Hoger beroep;Amsterdam;Civiel recht;"In deze spraakmakende rechtszaak werd popster Celeste Johnson beschuldigd van het schenden van auteursrechten door het lied ""Midnight Dreams."" De aanklager beweerde dat het refrein van het nummer verdacht veel leek op een obscuur nummer uit de jaren 70. Na maanden van juridische strijd werd Johnson uiteindelijk vrijgesproken van plagiaat, waarbij de jury oordeelde dat de gelijkenis puur toeval was. De zaak trok veel media-aandacht en leidde tot een hernieuwde discussie over auteursrechten in de muziekindustrie.";ECLI:NL:RBAMS:2023:5381, Amsterdam, 2023-06-14;Uitspraak
NL;ECLI:NL:RBAMS:2023:7106;kzcqy41w-dp11-51i3-uy7z-kearphi461in;28/07/2023;Wraking;Amsterdam;Civiel recht;De rechtszaak tussen Gigacorp en TechnoWidgets draaide om patentinbreuk en intellectuele eigendomsrechten met betrekking tot geavanceerde microchiptechnologie. Gigacorp beweerde dat TechnoWidgets hun gepatenteerde technologie had gestolen en gebruikt in hun nieuwste product, wat resulteerde in miljarden dollars aan verlies voor Gigacorp. Na een intensieve rechtszaak en meerdere beroepsprocedures, kende de rechtbank uiteindelijk een aanzienlijke schadevergoeding toe aan Gigacorp, en TechnoWidgets moest hun productaanbod herzien om verdere juridische problemen te voorkomen.;ECLI:NL:RBAMS:2023:7106, Amsterdam, 2023-07-28;Uitspraak
NL;ECLI:NL:RBAMS:2023:5222;e2tphhi7-yn02-sks9-lsfm-xy6q6zfw85o6;27/06/2023;Kort geding;Amsterdam;Civiel recht;De voogdijzaak tussen Sarah en Mark was hartverscheurend. Na hun echtscheiding ontstond een bittere strijd om de voogdij over hun enige kind, Emily. Beide ouders beweerden dat ze het beste waren voor Emily en beschuldigden elkaar van wangedrag en ongeschiktheid. Na maanden van hoorzittingen en getuigenverklaringen, besliste de rechtbank uiteindelijk dat gezamenlijke voogdij de beste oplossing was, en het gezin werd aangemoedigd om te werken aan co-ouderschap voor het welzijn van Emily.;ECLI:NL:RBAMS:2023:5222, Amsterdam, 2023-06-27;Uitspraak
NL;ECLI:NL:RBAMS:2023:8018;a8g9y4dj-8nqb-io4u-9gt0-3y93g5no299f;19/06/2023;Kort geding;Amsterdam;Civiel recht;In deze zaak stond het familiebedrijf GreenEco Inc. terecht voor milieuovertredingen. De aanklagers beweerden dat het bedrijf illegaal gevaarlijke chemicaliën loosde in de nabijgelegen rivier, wat resulteerde in aanzienlijke schade aan het milieu en de omgeving. Na een uitgebreide rechtszaak werd GreenEco Inc. schuldig bevonden aan de beschuldigingen en kreeg het bedrijf aanzienlijke boetes en straffen opgelegd. Dit diende als een waarschuwing voor andere bedrijven over de gevolgen van het niet naleven van milieuregels.;ECLI:NL:RBAMS:2023:8018, Amsterdam, 2023-06-19;Uitspraak
NL;ECLI:NL:RBAMS:2023:6441;u92gs1t2-th2a-i74a-nage-qz4fn12qxm9g;20/06/2023;Kort geding;Amsterdam;Civiel recht;Deze aangrijpende rechtszaak draaide om een ernstig geval van medische wanpraktijken in het Mercy General Hospital. De familie van de overleden patiënt beweerde dat het ziekenhuis nalatig was geweest bij de zorg voor hun geliefde, wat resulteerde in zijn overlijden. Tijdens het proces werden schokkende getuigenissen en medisch bewijsmateriaal gepresenteerd, en de jury oordeelde in het voordeel van de familie, waarbij het ziekenhuis aanzienlijke schadevergoedingen moest betalen. Deze zaak onderstreepte het belang van kwaliteitszorg en patiëntenrechten in de medische sector.;ECLI:NL:RBAMS:2023:6441, Amsterdam, 2023-06-20;Uitspraak
NL;ECLI:NL:RBAMS:2023:3952;34e2ijui-a4kh-kofu-ooub-aregq1uyoeoc;03/05/2023;Kort geding;Amsterdam;Civiel recht;De rechtszaak tegen DataGuard Inc. had betrekking op het vermeende schenden van de privacy van miljoenen gebruikers. DataGuard werd beschuldigd van het verzamelen en doorverkopen van persoonlijke gegevens zonder de toestemming van de gebruikers, wat leidde tot bezorgdheid over online privacy. De rechtbank oordeelde in het voordeel van de aanklagers en beval DataGuard om hun privacypraktijken aan te passen en schadevergoeding te betalen aan de getroffen gebruikers.;ECLI:NL:RBAMS:2023:3952, Amsterdam, 2023-05-03;Uitspraak
NL;ECLI:NL:RBAMS:2023:0402;5w12qm0d-xbxt-iqyf-1g0a-1tqoqfmum6qt;05/09/2023;Hoger beroep;Amsterdam;Civiel recht;"De zaak tegen Anthony ""The Hammer"" Marino, een beruchte maffiabaas, schokte de natie. Marino werd beschuldigd van georganiseerde misdaadactiviteiten, waaronder afpersing, witwassen van geld en moord. Tijdens het proces werden getuigen beschermd en informanten verborgen gehouden vanwege de grote dreiging voor hun leven. Marino werd uiteindelijk schuldig bevonden aan meerdere aanklachten en veroordeeld tot levenslange gevangenisstraf, wat een belangrijke overwinning was voor de rechtshandhaving in de strijd tegen georganiseerde misdaad.";ECLI:NL:RBAMS:2023:0402, Amsterdam, 2023-09-05;Uitspraak
NL;ECLI:NL:RBAMS:2023:3542;vg8e7mkq-fbco-2p94-gods-szaeodruaqn7;26/01/2023;Hoger beroep;Amsterdam;Civiel recht;"De juridische strijd tussen GlobalTech en OmniCorp, twee grote multinationals, draaide om contractbreuk en geschillen over een grootschalige joint venture. Beide bedrijven beschuldigden elkaar van het niet nakomen van contractuele verplichtingen en beweerden miljoenen dollars aan verliezen te hebben geleden. Na jaren van juridische procedures en onderhandelingen werd uiteindelijk een schikking bereikt waarbij beide bedrijven enigszins tevreden waren, maar de zaak markeerde het einde van hun samenwerking.
";ECLI:NL:RBAMS:2023:3542, Amsterdam, 2023-01-26;Uitspraak
NL;ECLI:NL:RBAMS:2023:0875;u8z30n8n-inkg-lgax-99lf-3hnujoco2qzv;29/06/2023;Kort geding;Amsterdam;Civiel recht;De rechtszaak draaide om de adoptie van een jong kind door een adoptiegezin, terwijl de biologische ouders beweerden dat ze onder druk waren gezet om afstand te doen van hun ouderlijke rechten. Het adoptiegezin had het kind al enkele jaren opgevoed en beweerde dat de biologische ouders ongeschikt waren als verzorgers. Na emotionele getuigenissen en een uitgebreid onderzoek besloot de rechtbank dat het in het belang van het kind was om bij het adoptiegezin te blijven, wat leidde tot het behoud van de adoptie.;ECLI:NL:RBAMS:2023:0875, Amsterdam, 2023-06-29;Uitspraak
NL;ECLI:NL:RBAMS:2023:7374;39shsjie-w9ip-iwu5-41ja-mxwus2xbj0jq;09/06/2023;Kort geding;Amsterdam;Civiel recht;De rechtszaak tegen de gerenommeerde journalist Laura Bennett bracht laster en smaad in de schijnwerpers. Bennett had beweringen gedaan in haar columns over een bekende zakenman die beweerde dat hij betrokken was bij illegale activiteiten. De zakenman daagde haar voor de rechter en eiste schadevergoeding voor beschadiging van zijn reputatie. Na een langdurige rechtszaak oordeelde de jury dat Bennett haar uitspraken niet met voldoende bewijs had gestaafd, en ze werd veroordeeld tot het betalen van een aanzienlijke schadevergoeding aan de zakenman. Deze zaak bracht belangrijke kwesties van persvrijheid en verantwoordelijkheid aan het licht.;ECLI:NL:RBAMS:2023:7374, Amsterdam, 2023-06-09;Uitspraak
NL;ECLI:NL:RBAMS:2023:8628;6qojraqd-tz0l-quvh-k9g8-93rpqhi8hmnz;03/08/2023;Kort geding;Amsterdam;Civiel recht;De zaak tegen MedPharma Inc. trok landelijke aandacht vanwege hun geneesmiddel dat ernstige bijwerkingen bleek te hebben. Talloze patiënten beweerden dat ze schade hadden geleden door het gebruik van het medicijn en beschuldigden het bedrijf van nalatigheid. Na een uitgebreid proces werd MedPharma schuldig bevonden en veroordeeld tot het betalen van aanzienlijke schadevergoedingen aan de slachtoffers, en het medicijn werd van de markt gehaald.;ECLI:NL:RBAMS:2023:8628, Amsterdam, 2023-08-03;Uitspraak
NL;ECLI:NL:RBAMS:2023:5269;3v1j93k3-78ra-ltoc-0j06-0iidsg98xu42;11/09/2023;Hoger beroep;Amsterdam;Civiel recht;De rechtszaak draaide om de nalatenschap van de overleden multimiljonair Richard Sterling, wiens familieleden betwistten wie recht had op welk deel van zijn enorme fortuin. Het proces onthulde diepgaande familieconflicten, geheime testamenten en onduidelijke intenties van de overledene. Uiteindelijk oordeelde de rechtbank over de verdeling van de erfenis, wat resulteerde in een gecompliceerde regeling waarbij verschillende familieleden verschillende delen van het vermogen ontvingen.;ECLI:NL:RBAMS:2023:5269, Amsterdam, 2023-09-11;Uitspraak
NL;ECLI:NL:RBAMS:2023:6243;v1ss4ymn-3sda-qcjq-q09m-j88w4xp4g9ez;09/06/2023;Kort geding;Amsterdam;Civiel recht;De rechtszaak tegen voormalig president John Reynolds was historisch. Reynolds werd beschuldigd van machtsmisbruik, corruptie en het overtreden van de grondwet tijdens zijn ambtsperiode. De zaak omvatte getuigenissen van voormalige adviseurs en talloze documenten die zijn gedrag tijdens zijn presidentschap documenteerden. Na een intensief proces werd Reynolds schuldig bevonden aan verschillende aanklachten en veroordeeld tot gevangenisstraf, wat een mijlpaal was in de strijd tegen machtsmisbruik.;ECLI:NL:RBAMS:2023:6243, Amsterdam, 2023-06-09;Uitspraak
NL;ECLI:NL:RBAMS:2023:1503;3hksm1lr-6qpa-p0om-6lp9-43f33sa2lxmp;17/06/2023;Hoger beroep;Amsterdam;Civiel recht;Een rechtszaak tegen MegaBites Fastfood betrof klachten van meerdere klanten die ernstige voedselvergiftiging hadden opgelopen na het eten in verschillende vestigingen. De aanklagers beweerden dat het restaurant nalatig was geweest bij het handhaven van voedselveiligheidsnormen. Na een diepgaand onderzoek werd MegaBites schuldig bevonden en bevolen om schadevergoedingen te betalen aan de slachtoffers, wat leidde tot strengere voedselveiligheidsvoorschriften voor de hele fastfoodindustrie.;ECLI:NL:RBAMS:2023:1503, Amsterdam, 2023-06-17;Uitspraak
NL;ECLI:NL:RBAMS:2023:2394;t95hdclp-7tnu-acgy-cm9r-hepd8njndzs0;21/03/2023;Wraking;Amsterdam;Civiel recht;De zaak van Emily Hart tegen TechMasters ging over discriminatie op de werkplek. Hart beweerde dat ze onterecht was ontslagen vanwege haar geslacht en dat ze het slachtoffer was van seksuele intimidatie op haar werk. Het proces bracht schokkende getuigenissen en interne bedrijfsdocumenten aan het licht. Uiteindelijk oordeelde de rechtbank in het voordeel van Hart en werd TechMasters veroordeeld tot het betalen van een aanzienlijke schadevergoeding en het verbeteren van hun beleid met betrekking tot discriminatie en intimidatie op de werkvloer. Deze zaak benadrukte het belang van gelijke kansen en een veilige werkomgeving.;ECLI:NL:RBAMS:2023:2394, Amsterdam, 2023-03-21;Uitspraak
NL;ECLI:NL:RBAMS:2023:1341;ouduqurs-pdjp-jumf-hyk8-8qt2wc8z6wsj;06/02/2023;Hoger beroep;Amsterdam;Civiel recht;In deze rechtszaak werd milieuactivist Alex Mitchell beschuldigd van burgerlijke ongehoorzaamheid tijdens een protest tegen de bouw van een omstreden oliepijplijn. Mitchell en andere demonstranten blokkeerden de bouwplaats en werden gearresteerd wegens illegale acties. De zaak bracht het recht op vreedzaam protest in conflict met de openbare orde. Na een proces waarbij getuigenissen werden afgelegd over de noodzaak van milieubescherming, werd Mitchell uiteindelijk vrijgesproken, wat leidde tot een brede discussie over het evenwicht tussen activisme en openbare orde.;ECLI:NL:RBAMS:2023:1341, Amsterdam, 2023-02-06;Uitspraak
NL;ECLI:NL:RBAMS:2023:5583;vwk4b655-rek2-8y52-p816-nvys1ryotr6x;18/02/2023;Kort geding;Amsterdam;Civiel recht;De rechtszaak tegen de gevierde kunstenaar Elena Vega betrof beschuldigingen van plagiaat en inbreuk op het auteursrecht. Een andere kunstenaar beweerde dat Vega haar kunstwerk had gekopieerd en tentoongesteld als haar eigen creatie, wat leidde tot een juridisch geschil. Tijdens het proces werden kunstkenners en experts opgeroepen om te getuigen over de oorsprong van het kunstwerk. Uiteindelijk werd Vega schuldig bevonden aan inbreuk op het auteursrecht en werd ze gedwongen om schadevergoeding te betalen aan de oorspronkelijke kunstenaar.;ECLI:NL:RBAMS:2023:5583, Amsterdam, 2023-02-18;Uitspraak
NL;ECLI:NL:RBAMS:2023:4954;dbzbrbm8-e56x-r6kl-h1d5-lfbs52r9ntdt;26/04/2023;Kort geding;Amsterdam;Civiel recht;"De rechtszaak draaide om grootouders die de voogdij over hun kleinkinderen opeisten nadat hun ouders tragisch omkwamen bij een auto-ongeluk. De grootouders betoogden dat ze de meest geschikte verzorgers waren voor de kinderen, terwijl de voogdijprocedure werd betwist door andere familieleden. Na emotionele getuigenissen van alle betrokken partijen oordeelde de rechtbank uiteindelijk dat het in het belang van de kinderen was om bij hun grootouders te blijven, wat leidde tot een langdurige zorgregeling.
";ECLI:NL:RBAMS:2023:4954, Amsterdam, 2023-04-26;Uitspraak
NL;ECLI:NL:RBAMS:2023:8812;kr2ascaj-o6nl-smb7-tnvm-y6zwmngdnim5;21/07/2023;Wraking;Amsterdam;Civiel recht;De zaak tegen de beroemde sportster Max Turner schokte de sportwereld. Turner werd beschuldigd van het gebruik van verboden prestatieverhogende middelen tijdens een nationale kampioenschapswedstrijd. Het proces draaide om bewijs van dopinggebruik, getuigenissen van coaches en medische experts. Turner bleef volhouden dat hij onschuldig was, maar werd uiteindelijk schuldig bevonden en geschorst van de sportcompetitie, wat zijn carrière drastisch beïnvloedde.;ECLI:NL:RBAMS:2023:8812, Amsterdam, 2023-07-21;Uitspraak
NL;ECLI:NL:RBAMS:2023:6557;ndpoxvfv-zazw-rgtw-kl0s-ej9uxlucgv0o;03/05/2023;Kort geding;Amsterdam;Civiel recht;De rechtszaak tussen NovaTech en QuantumSystems was een juridische strijd over octrooirechten en technologische innovaties. Beide bedrijven beschuldigden elkaar van inbreuk op patenten en het stelen van intellectuele eigendom. Het proces onthulde complexe technologische details en betwiste octrooirechten. Uiteindelijk werd een schikking bereikt waarin beide bedrijven bepaalde technologieën konden gebruiken onder strikte voorwaarden, wat de basis legde voor verdere innovatie in de branche.;ECLI:NL:RBAMS:2023:6557, Amsterdam, 2023-05-03;Uitspraak
NL;ECLI:NL:RBAMS:2023:4850;fofvrg51-nsvn-0eut-ojct-m3nqqb44ojq7;08/05/2023;Wraking;Amsterdam;Civiel recht;De rechtszaak tegen SportsUnited, een invloedrijke sportorganisatie, betrof beschuldigingen van discriminatie tegen vrouwelijke atleten. Verschillende vrouwelijke sporters beweerden dat ze minder steun en financiële middelen kregen dan hun mannelijke tegenhangers, wat leidde tot ongelijkheid in de sport. Het proces bracht de ongelijkheid in de sportwereld aan het licht en resulteerde in een schikking waarbij de sportorganisatie zich ertoe verbond om gelijke kansen te bevorderen voor alle atleten, ongeacht hun geslacht.;ECLI:NL:RBAMS:2023:4850, Amsterdam, 2023-05-08;Uitspraak
NL;ECLI:NL:RBAMS:2023:6415;htwb28cr-idb9-802t-vekg-h09swddgx178;17/09/2023;Kort geding;Amsterdam;Civiel recht;De rechtszaak tegen acteur Michael Stone ging over beschuldigingen van seksueel wangedrag en aanranding door meerdere vrouwen. De vrouwen beweerden dat Stone zijn status en invloed in de entertainmentindustrie had misbruikt om hen te intimideren en aan te vallen. Het proces omvatte schokkende getuigenissen en bewijsmateriaal dat de aanklachten ondersteunde. Uiteindelijk werd Stone schuldig bevonden en veroordeeld tot gevangenisstraf, wat een mijlpaal was in de #MeToo-beweging.;ECLI:NL:RBAMS:2023:6415, Amsterdam, 2023-09-17;Uitspraak
NL;ECLI:NL:RBAMS:2023:6884;fnd8glt1-6eqi-zl27-skys-09a76910rh6v;19/06/2023;Kort geding;Amsterdam;Civiel recht;De rechtszaak tussen AutoTech en Innovaride draaide om inbreuk op octrooirechten en technologische innovatie in de auto-industrie. Beide bedrijven beschuldigden elkaar van het stelen van gepatenteerde technologieën en het ondermijnen van elkaars concurrentiepositie. Het proces omvatte technische experts en juridische specialisten die getuigenissen aflegden over octrooirechten. Uiteindelijk werd een schikking bereikt waarbij beide bedrijven licenties voor elkaars technologieën moesten verlenen, wat de concurrentie in de branche bevorderde.;ECLI:NL:RBAMS:2023:6884, Amsterdam, 2023-06-19;Uitspraak
NL;ECLI:NL:RBAMS:2023:7213;xvx5oxve-1xwl-k02u-ot7q-6u1nwnnemosz;26/05/2023;Hoger beroep;Amsterdam;Civiel recht;De rechtszaak draaide om de voogdij over een uitzonderlijk getalenteerde jonge pianist, Sarah. Haar gescheiden ouders vochten bitter om wie de voogdij zou krijgen, met beiden bewerend dat zij beter in staat waren om Sarah's muzikale talent te ontwikkelen. Het proces omvatte getuigenissen van muziekleraren en psychologen die de belangen van het kind in overweging namen. Uiteindelijk werd besloten dat de voogdij zou worden gedeeld, met zorgvuldige regelingen om Sarah's muzikale groei te ondersteunen.;ECLI:NL:RBAMS:2023:7213, Amsterdam, 2023-05-26;Uitspraak
NL;ECLI:NL:RBAMS:2023:0792;hrnj83ki-ht5g-div2-amee-eub8un3w4qhu;30/05/2023;Hoger beroep;Amsterdam;Civiel recht;De zaak tegen softwareontwikkelaar Alex Greaves draaide om beschuldigingen van diefstal van bedrijfsgeheimen en spionage tegen zijn voormalige werkgever, TechSolutions. Greaves werd ervan beschuldigd waardevolle broncode en klantinformatie te hebben gestolen en doorverkocht aan concurrenten. Het proces omvatte digitale forensische experts en juridische onderzoekers. Greaves werd schuldig bevonden aan bedrijfsspionage en veroordeeld tot gevangenisstraf, wat leidde tot strengere beveiligingsmaatregelen in de technologiebranche.;ECLI:NL:RBAMS:2023:0792, Amsterdam, 2023-05-30;Uitspraak
NL;ECLI:NL:RBAMS:2023:9138;4zwxjvus-4i82-knt7-57ur-6a8az8tjmukm;20/08/2023;Hoger beroep;Amsterdam;Civiel recht;"De rechtszaak tegen chef-kok Alessandro Rossi draaide om beschuldigingen van voedselvergiftiging bij gasten van zijn gerenommeerde restaurant. Meerdere klanten beweerden dat ze ernstig ziek werden na het eten van gerechten in zijn etablissement. Tijdens het proces werd voedselveiligheidsexpertise en getuigenissen van getroffen klanten gepresenteerd. Rossi werd uiteindelijk schuldig bevonden aan nalatigheid en kreeg boetes opgelegd, wat de noodzaak van strenge voedselveiligheidsnormen in de horeca benadrukte.
";ECLI:NL:RBAMS:2023:9138, Amsterdam, 2023-08-20;Uitspraak
NL;ECLI:NL:RBAMS:2023:3538;d7ci8mv9-j2sp-jgqa-cndb-410lgotyj670;03/08/2023;Kort geding;Amsterdam;Civiel recht;De rechtszaak tegen BioPharm Solutions betrof beschuldigingen van het verbergen van ernstige bijwerkingen van een veelgebruikt medicijn. Patiënten beweerden dat het bedrijf opzettelijk informatie over de risico's had achtergehouden en hun gezondheid in gevaar had gebracht. Het proces bracht interne documenten en getuigenissen aan het licht die de beschuldigingen ondersteunden. BioPharm Solutions werd schuldig bevonden en opgelegd om aanzienlijke schadevergoedingen te betalen aan de slachtoffers.;ECLI:NL:RBAMS:2023:3538, Amsterdam, 2023-08-03;Uitspraak
NL;ECLI:NL:RBAMS:2023:5225;qto401q1-nou8-7111-4ysf-ni25smj45yzl;11/05/2023;Kort geding;Amsterdam;Civiel recht;De rechtszaak tegen de beroemde kunstenaar Maria Cortez betrof beschuldigingen van schending van het auteursrecht van een minder bekende kunstenaar. Het proces draaide om het feit dat Cortez een vergelijkbaar kunstwerk had gemaakt dat sterk leek op dat van de minder bekende kunstenaar, wat leidde tot een juridisch geschil over originaliteit en auteursrechten. Na zorgvuldige overweging oordeelde de rechtbank dat er inderdaad sprake was van inbreuk op het auteursrecht, en Cortez werd gedwongen om schadevergoeding te betalen aan de minder bekende kunstenaar.;ECLI:NL:RBAMS:2023:5225, Amsterdam, 2023-05-11;Uitspraak
NL;ECLI:NL:RBAMS:2023:6573;02ht117o-oyp3-bv5o-waqs-wk4to23cyb25;09/03/2023;Hoger beroep;Amsterdam;Civiel recht;De rechtszaak tegen PowerGlobe Energy draaide om beschuldigingen van milieuschade door het illegaal lozen van gevaarlijk chemisch afval. Activisten en milieugroepen beweerden dat het bedrijf de lokale ecosystemen en gemeenschappen ernstig had geschaad. Tijdens het proces werden milieu-experts en getuigenissen van bewoners gepresenteerd, en PowerGlobe Energy werd schuldig bevonden en bevolen om aanzienlijke milieureparaties uit te voeren en boetes te betalen.;ECLI:NL:RBAMS:2023:6573, Amsterdam, 2023-03-09;Uitspraak
NL;ECLI:NL:RBAMS:2023:0662;82x0mvr9-5lc1-fh7q-s8zi-wbk89sws5y2s;19/01/2023;Hoger beroep;Amsterdam;Civiel recht;De rechtszaak tegen senator Jessica Hayes was politiek explosief. Hayes werd beschuldigd van corruptie en het verduisteren van publieke middelen voor persoonlijk gewin. Het proces onthulde financiële onregelmatigheden, geheime rekeningen en documenten die haar betrokkenheid bij corruptie aantoonden. Ondanks hevige politieke druk werd Hayes schuldig bevonden en uit haar ambt gezet, wat een belangrijke mijlpaal was in de strijd tegen corruptie in de politiek.;ECLI:NL:RBAMS:2023:0662, Amsterdam, 2023-01-19;Uitspraak
NL;ECLI:NL:RBAMS:2023:8546;jlxbv3i7-yblm-ojjp-76bg-iixpkcvwpnc4;06/05/2023;Hoger beroep;Amsterdam;Civiel recht;De rechtszaak tegen techmiljardair David Reynolds schokte de financiële wereld. Reynolds werd beschuldigd van grootschalige fraude en belastingontduiking, waarbij hij complexe financiële constructies en offshore-rekeningen gebruikte om zijn vermogen te verbergen. Het proces omvatte financiële experts en onthulde gedetailleerde bewijzen van fraude. Reynolds werd uiteindelijk schuldig bevonden en veroordeeld tot gevangenisstraf en aanzienlijke boetes, wat leidde tot strengere toezichtmaatregelen voor financiële transacties.;ECLI:NL:RBAMS:2023:8546, Amsterdam, 2023-05-06;Uitspraak
NL;ECLI:NL:RBAMS:2023:3913;6m49949b-8nwi-rpno-fn5p-ojyxeef1obaw;21/06/2023;Kort geding;Amsterdam;Civiel recht;"De rechtszaak tegen TobaccoCorp draaide om beschuldigingen dat het bedrijf de schadelijke gevolgen van roken jarenlang had verzwegen. Slachtoffers van tabaksgerelateerde ziekten beweerden dat het bedrijf op de hoogte was van de risico's, maar deze informatie had achtergehouden. Het proces omvatte medische deskundigen en onthulde interne documenten die de beschuldigingen ondersteunden. TobaccoCorp werd schuldig bevonden en veroordeeld tot het betalen van aanzienlijke schadevergoedingen aan de slachtoffers.
";ECLI:NL:RBAMS:2023:3913, Amsterdam, 2023-06-21;Uitspraak
NL;ECLI:NL:RBAMS:2023:9254;aj15v0g2-qd4m-g2pe-zpv0-0omoa0d4xkze;02/05/2023;Kort geding;Amsterdam;Civiel recht;"De rechtszaak tegen NewHorizon University betrof beschuldigingen van discriminatie en wangedrag tegenover studenten, met name minderheidsgroepen. Studenten beweerden dat de universiteit nalatig was geweest in het aanpakken van discriminatie en seksueel wangedrag op de campus. Het proces bracht schokkende getuigenissen en bewijsmateriaal aan het licht, en resulteerde in maatregelen om discriminatie en wangedrag op de campus aan te pakken.
";ECLI:NL:RBAMS:2023:9254, Amsterdam, 2023-05-02;Uitspraak
NL;ECLI:NL:RBAMS:2023:4755;yh7k2clh-l3h6-12yg-4uqr-6j3dlb1c2sua;15/09/2023;Kort geding;Amsterdam;Civiel recht;Het voogdijgeschil tussen de ouders van Emily en haar grootouders bereikte een kritiek punt. De grootouders beweerden dat de ouders ongeschikt waren om voor Emily te zorgen, wat leidde tot een juridische strijd om de voogdij. Tijdens het proces werden psychologische evaluaties en getuigenissen gepresenteerd, wat resulteerde in een emotionele beslissing waarbij de grootouders de tijdelijke voogdij over Emily kregen, met de hoop op herstel van de ouder-kindrelatie.;ECLI:NL:RBAMS:2023:4755, Amsterdam, 2023-09-15;Uitspraak
NL;ECLI:NL:RBAMS:2023:3730;4ee8ecug-ni9d-9uwn-3da1-uvm8fbh26alo;09/06/2023;Hoger beroep;Amsterdam;Civiel recht;De rechtszaak tegen televisiepersoonlijkheid Sarah Mitchell ging over beschuldigingen van laster en smaad. Mitchell had op nationale televisie uitspraken gedaan die schadelijk waren voor het imago van een politicus, die beweerde dat ze leugens verspreidde. Het proces bracht belangrijke kwesties met betrekking tot de vrijheid van meningsuiting en de verantwoordelijkheid van media aan het licht. Uiteindelijk werd Mitchell schuldig bevonden aan laster en smaad en kreeg ze de opdracht om publiekelijk excuses aan te bieden aan de politicus.;ECLI:NL:RBAMS:2023:3730, Amsterdam, 2023-06-09;Uitspraak
NL;ECLI:NL:RBAMS:2023:5395;q62c997k-7npe-w47k-g63z-qcistpp3lqzy;21/03/2023;Hoger beroep;Amsterdam;Civiel recht;De rechtszaak tegen AutoTech Motors betrof beschuldigingen van defecte onderdelen in hun voertuigen die hadden geleid tot een reeks dodelijke ongelukken. Slachtoffers en hun families beweerden dat het bedrijf op de hoogte was van de problemen, maar nalatig was geweest bij het nemen van maatregelen. Het proces omvatte technische experts en getuigenissen van overlevenden. AutoTech Motors werd schuldig bevonden en veroordeeld tot het betalen van aanzienlijke schadevergoedingen aan de slachtoffers en het herzien van hun veiligheidsprocedures.;ECLI:NL:RBAMS:2023:5395, Amsterdam, 2023-03-21;Uitspraak
NL;ECLI:NL:RBAMS:2023:3135;izd8s2kp-5gmn-jb6k-gs8b-519n8jcazrlf;26/02/2023;Wraking;Amsterdam;Civiel recht;De zaak tegen de bekende atleet Michelle Anderson draaide om beschuldigingen van het gebruik van verboden prestatieverhogende middelen tijdens grote sportevenementen. Anderson werd beschuldigd van het schenden van de antidopingregels en het ondermijnen van de integriteit van de sport. Het proces omvatte dopingtests en getuigenissen van sportofficials. Anderson werd schuldig bevonden en geschorst, wat haar carrière ernstig beïnvloedde en leidde tot discussies over eerlijke concurrentie in de sportwereld.;ECLI:NL:RBAMS:2023:3135, Amsterdam, 2023-02-26;Uitspraak
NL;ECLI:NL:RBAMS:2023:6962;93p1y273-vox6-hnzc-j2t9-u7jv983m2r6h;21/04/2023;Kort geding;Amsterdam;Civiel recht;De rechtszaak tegen PetroGlobal Inc. draaide om een grootschalig olielek dat aanzienlijke milieuschade veroorzaakte. Milieugroepen en lokale gemeenschappen beweerden dat het bedrijf nalatig was bij het voorkomen van het lek en onvoldoende maatregelen nam om het te stoppen. Het proces onthulde de omvang van de milieuschade en de inspanningen om het te herstellen. PetroGlobal Inc. werd schuldig bevonden en kreeg strenge boetes opgelegd, wat de noodzaak van strenge milieubescherming benadrukte.;ECLI:NL:RBAMS:2023:6962, Amsterdam, 2023-04-21;Uitspraak
NL;ECLI:NL:RBAMS:2023:0100;o2ncr2am-49u8-ml1g-9v01-3m4u5ry56wqe;24/02/2023;Wraking;Amsterdam;Civiel recht;De rechtszaak van John Mitchell tegen CyberTech Innovations betrof beschuldigingen van onrechtmatig ontslag. Mitchell beweerde dat hij was ontslagen als vergelding voor het melden van vermeende onethische praktijken binnen het bedrijf. Het proces omvatte getuigenissen van Mitchell en voormalige collega's, evenals interne bedrijfsdocumenten. De rechtbank oordeelde in het voordeel van Mitchell en beval CyberTech Innovations om schadevergoeding te betalen voor onrechtmatig ontslag.;ECLI:NL:RBAMS:2023:0100, Amsterdam, 2023-02-24;Uitspraak
NL;ECLI:NL:RBAMS:2023:2807;cx2vzbin-bes7-al6c-orlz-vw8yqj445kdd;16/02/2023;Hoger beroep;Amsterdam;Civiel recht;De rechtszaak tegen de gerenommeerde journalist Sarah Davis betrof beschuldigingen van schending van journalistieke ethiek en schending van privacy. Davis had verslag gedaan van een gevoelige zaak met betrekking tot privégegevens van individuen zonder hun toestemming, wat leidde tot ernstige inbreuk op hun privacy. Het proces bracht belangrijke kwesties van persvrijheid en ethiek in de journalistiek aan het licht. Davis werd schuldig bevonden aan schending van journalistieke ethiek en kreeg een berisping, wat leidde tot een discussie over verantwoordelijke journalistiek.;ECLI:NL:RBAMS:2023:2807, Amsterdam, 2023-02-16;Uitspraak
NL;ECLI:NL:RBAMS:2023:2044;vhghedbh-2zde-bx66-som5-7wkuze8j5c7c;27/07/2023;Wraking;Amsterdam;Civiel recht;De rechtszaak tegen FoodWorld Inc. draaide om beschuldigingen van misleidende reclamepraktijken en onjuiste productetikettering. Consumenten beweerden dat het bedrijf de voedingswaarde van hun producten had overdreven en essentiële informatie had weggelaten op etiketten. Het proces onthulde bewijs van misleidende marketingtactieken en onvolledige informatie. FoodWorld Inc. werd schuldig bevonden en kreeg boetes opgelegd, wat de noodzaak van eerlijke en transparante consumenteninformatie benadrukte.;ECLI:NL:RBAMS:2023:2044, Amsterdam, 2023-07-27;Uitspraak
NL;ECLI:NL:RBAMS:2023:1796;1qfv27gv-5duz-tewc-j9w4-d9l5negf1lyc;24/05/2023;Wraking;Amsterdam;Civiel recht;De rechtszaak tegen acteur Jason Roberts betrof beschuldigingen van vermeend wangedrag en intimidatie op de set van een populaire filmproductie. Verschillende medewerkers van de film beweerden dat Roberts zich ongepast gedroeg en een vijandige werkomgeving had gecreëerd. Het proces bracht getuigenissen van getuigen en filmcrewleden naar voren en leidde tot een bewustwording over het belang van een veilige en respectvolle werkomgeving in de entertainmentindustrie.;ECLI:NL:RBAMS:2023:1796, Amsterdam, 2023-05-24;Uitspraak
NL;ECLI:NL:RBAMS:2023:3053;ke1a8285-06uj-nvx8-hf0x-7tek3qmgtfsh;27/01/2023;Hoger beroep;Amsterdam;Civiel recht;De rechtszaak tegen DataGuard Technologies draaide om beschuldigingen van onrechtmatige gegevensverzameling en schending van de privacy van gebruikers van hun producten. Gebruikers beweerden dat het bedrijf heimelijk persoonlijke gegevens verzamelde en deze voor commerciële doeleinden gebruikte zonder toestemming. Het proces bracht technologische experts en privacydeskundigen naar voren om de inbreuk op de privacy aan te tonen. DataGuard Technologies werd schuldig bevonden en bevolen om strenge privacybeschermingsmaatregelen te implementeren.;ECLI:NL:RBAMS:2023:3053, Amsterdam, 2023-01-27;Uitspraak
NL;ECLI:NL:RBAMS:2023:2966;glgewox9-jbt0-s9gd-u127-y54a6o3mztdk;16/03/2023;Hoger beroep;Amsterdam;Civiel recht;Het voogdijgeschil over de jonge wees, Emily, ging tussen familieleden en pleegouders die haar liefdevol hadden opgevoed sinds het overlijden van haar ouders. Beide partijen beweerden dat ze het beste belang van Emily voor ogen hadden, wat leidde tot een emotionele juridische strijd. Het proces omvatte getuigenissen van psychologen en betrokkenen bij de zaak. Uiteindelijk werd besloten dat de pleegouders de permanente voogdij zouden krijgen, waardoor de stabiliteit van Emily's leven werd gewaarborgd.;ECLI:NL:RBAMS:2023:2966, Amsterdam, 2023-03-16;Uitspraak
NL;ECLI:NL:RBAMS:2023:9200;b5im3rv6-kpa4-0t30-bood-my3n9m7kdc0w;24/05/2023;Kort geding;Amsterdam;Civiel recht;De rechtszaak tegen muziekproducent Kevin Johnson betrof beschuldigingen van plagiaat en inbreuk op auteursrecht met betrekking tot een bekend hitnummer. Andere muzikanten beweerden dat Johnson delen van hun muziek zonder toestemming had gebruikt in een van zijn producties. Het proces omvatte muzikale experts en juridische specialisten die de overeenkomsten in de muziek analyseerden. Johnson werd schuldig bevonden aan inbreuk op auteursrecht en werd gedwongen om schadevergoeding te betalen aan de getroffen artiesten.;ECLI:NL:RBAMS:2023:9200, Amsterdam, 2023-05-24;Uitspraak
NL;ECLI:NL:RBAMS:2023:8111;oplo6ibh-4hyv-0r7t-t8as-arl8hi0c25sa;23/09/2023;Wraking;Amsterdam;Civiel recht;De rechtszaak tegen TechGuard Inc. draaide om beschuldigingen van ongeoorloofde gegevensverzameling en inbreuk op de privacy van gebruikers van hun apps en diensten. Gebruikers beweerden dat het bedrijf persoonlijke gegevens had verzameld en gedeeld zonder hun toestemming. Het proces bracht privacy-experts en technologische getuigen naar voren om de inbreuk op de privacy aan te tonen. TechGuard Inc. werd schuldig bevonden en bevolen om strenge privacybeschermingsmaatregelen te implementeren.;ECLI:NL:RBAMS:2023:8111, Amsterdam, 2023-09-23;Uitspraak
NL;ECLI:NL:RBAMS:2023:8016;fne6p5lo-cnuq-u3nn-zpw5-v76wul2fsog1;31/08/2023;Wraking;Amsterdam;Civiel recht;De rechtszaak tegen senator Robert Owens was politiek explosief. Owens werd beschuldigd van omkoping en corruptie in verband met overheidscontracten en wetgeving. Het proces onthulde financiële onregelmatigheden, geheime overeenkomsten en documenten die zijn betrokkenheid bij corruptie aantoonden. Ondanks hevige politieke druk werd Owens schuldig bevonden en uit zijn ambt gezet, wat een belangrijke mijlpaal was in de strijd tegen corruptie in de politiek.;ECLI:NL:RBAMS:2023:8016, Amsterdam, 2023-08-31;Uitspraak
NL;ECLI:NL:RBAMS:2023:3481;vrgc1whk-tiri-2dzq-qh40-7oxzb170wsun;24/08/2023;Wraking;Amsterdam;Civiel recht;De rechtszaak tegen GreenVista Developers betrof beschuldigingen van schending van bouwvoorschriften en milieuregels bij de ontwikkeling van een groot vastgoedproject. Milieugroepen en buurtbewoners beweerden dat het bedrijf onherstelbare schade had toegebracht aan lokale ecosystemen en natuurlijke hulpbronnen. Het proces bracht bewijsmateriaal en getuigenissen van milieu-experts naar voren. GreenVista Developers werd schuldig bevonden en bevolen om milieureparaties uit te voeren en aanzienlijke boetes te betalen.;ECLI:NL:RBAMS:2023:3481, Amsterdam, 2023-08-24;Uitspraak
NL;ECLI:NL:RBAMS:2023:7921;yb87px43-jnwq-7pn5-cbce-gpxsbdij1vjf;06/09/2023;Hoger beroep;Amsterdam;Civiel recht;De rechtszaak tegen HealthMed Solutions betrof beschuldigingen van het op de markt brengen van geneesmiddelen zonder voldoende veiligheidstests, wat leidde tot ernstige gezondheidsproblemen bij patiënten. Patiënten beweerden dat het bedrijf winst boven veiligheid had gesteld. Het proces onthulde interne documenten en getuigenissen van medische experts die de beschuldigingen ondersteunden. HealthMed Solutions werd schuldig bevonden en kreeg aanzienlijke boetes opgelegd, waardoor de noodzaak van strenge regulering in de farmaceutische industrie werd benadrukt.;ECLI:NL:RBAMS:2023:7921, Amsterdam, 2023-09-06;Uitspraak
NL;ECLI:NL:RBAMS:2023:3094;qkqalzax-a72d-qqsv-y5y2-1y7l8bzt7ghw;26/06/2023;Hoger beroep;Amsterdam;Civiel recht;De rechtszaak tegen MarketConnect Inc. betrof beschuldigingen van medeplichtigheid aan illegale verkoop en fraude op hun platform. Consumenten beweerden dat het bedrijf onvoldoende maatregelen had genomen om frauduleuze verkopers en oplichting te voorkomen. Het proces bracht getuigenissen van slachtoffers en beveiligingsexperts naar voren. MarketConnect Inc. werd schuldig bevonden en bevolen om strengere veiligheidsmaatregelen te implementeren en schadevergoeding te betalen aan de getroffen consumenten.;ECLI:NL:RBAMS:2023:3094, Amsterdam, 2023-06-26;Uitspraak